hst_idx,total,cos,shad,hst_abs,block,atm,spil,rec_refl,rec_abs
0,100001,19625.696255,0,4018.76518725,2352.63855775001,0,27846.5,4615.8,41541.6
1,100001,19856.798566,0,4007.2100717,-384.408637699998,0,29302,4721.9,42497.5
2,100001,19858.998588,0,4007.1000706,-1575.7986586,0,30139.7,4757.1,42813.9
3,100001,20106.801066,0,3994.7099467,-721.211012700005,0,26875.6,4974.5,44770.6
4,100001,20106.501063,0,3994.72494685,80.2739901499881,0,27260.5,4855.9,43703.1
5,100001,20523.905237,0,3973.85473815,-505.759975150009,0,22975.9,5303.4,47729.7
6,100001,20525.505253,0,3973.77473735,706.820009649986,0,23340.5,5145.5,46308.9
7,100003,17112.813369,0,4144.50933155,20362.47729945,0,2495.4,5588.8,50299
8,100003,17117.013495,0,4144.29932525,21261.10717975,0,2601.48,5487.9,49391.2
9,100001,20425.704255,0,3978.76478725,1268.83095775,0,22318.8,5200.9,46808
10,100001,20428.604284,0,3978.6197858,-292.72406980001,0,23199.4,5268.7,47418.4
11,100001,20357.903577,0,3982.15482115,1493.14160185,0,23864.6,5030.3,45272.9
12,100001,20350.2035,0,3982.539825,-127.043325000006,0,23415.8,5237.9,47141.6
13,100001,19802.698025,0,4009.91509875,-1145.41312375001,0,27479.5,4985.4,44868.9
14,100001,19808.098079,0,4009.64509605,-981.743175050011,0,25523.6,5164.2,46477.2
15,100001,19947.299471,0,4002.68502645,-2605.28449745,0,28974.2,4968.2,44713.9
16,100001,19949.499493,0,4002.57502535,971.025481649995,0,26247.2,4883,43947.7
17,100001,20050.600504,0,3997.5199748,227.679521199992,0,25092.8,5063.3,45569.1
18,100001,20050.100499,0,3997.54497505,886.35452595001,0,23541.6,5152.5,46372.9
19,100026,7132.053852,0,4644.6973074,-3086.85115939999,0,23168.2,6816.8,61351.1
20,100026,7157.86056,0,4643.406972,-1340.267532,0,23079.8,6648.5,59836.7
21,100003,18733.461987,0,4063.47690065,-758.538887649986,0,17084,6088,54792.6
22,100003,18749.762476,0,4062.6618762,-1022.1243522,0,18394.6,5981.8,53836.3
23,100001,18870.688705,0,4056.51556475,13794.41573025,0,9765.38,5351.4,48162.6
24,100001,18868.18868,0,4056.640566,12386.420754,0,9582.95,5510.7,49596.1
25,100001,18619.586194,0,4069.0706903,11902.4431157,0,15804.8,4960.6,44644.5
26,100001,18616.586164,0,4069.2206918,11905.8931442,0,15625,4978.5,44805.8
27,100011,13026.832794,0,4349.2083603,10394.3188457,0,8590.14,6365.1,57285.4
28,100011,13017.031716,0,4349.6984142,7632.41986980001,0,9545.15,6546.7,58920
29,100003,15542.066248,0,4223.0466876,21014.3770644,0,1583.31,5764.1,51876.1
30,100003,15537.066098,0,4223.2966951,22309.1172069,0,1500.42,5643.3,50789.8
31,100001,19520.795206,0,4024.0102397,-2031.20544569999,0,28735.2,4975.3,44776.9
32,100001,19520.895207,0,4024.00523965,-1779.50044665,0,28584.4,4965.2,44686
33,100001,19154.891547,0,4042.30542265,1126.10303034998,0,25922.9,4975.5,44779.3
34,100001,19160.591604,0,4042.0204198,-926.812023800005,0,27911.8,4981.4,44832
35,100001,17571.275711,0,4121.48621445,17826.37807455,0,5647.86,5483.4,49350.6
36,100001,17562.875627,0,4121.90621865,20298.77815435,0,6280.04,5173.7,46563.7
37,100001,19429.294291,0,4028.58528545,1394.32042355,0,28077,4707.20000000001,42364.6
38,100001,19432.094319,0,4028.44528405,1994.86039695,0,26078.8,4846.70000000001,43620.1
39,100001,19118.391182,0,4044.1304409,162.578377100006,0,27941.3,4873.5,43861.1
40,100001,19122.691225,0,4043.91543875,2867.59333624999,0,26136.9,4783,43046.9
41,100001,18416.084159,21.2725,4078.18216705,13426.69117395,0,8272.67,5578.6,50207.5
42,100001,18409.384092,0,4079.5807954,16394.4951126,0,7653.14,5346.4,48118
43,100001,19088.690885,0,4045.61545575,-480.006340749991,0,26771.9,5057.5,45517.3
44,100001,19081.990818,0,4045.9504591,2449.9587229,0,26147,4827.6,43448.5
45,100001,19062.490623,0,4046.92546885,8.18390815000021,0,28358,4852.5,43672.9
46,100001,19062.590624,0,4046.9204688,-1550.51109280001,0,27849.7,5059.2,45533.1
47,100001,19054.790546,0,4047.3104727,1285.0989813,0,27664.7,4794.9,43154.2
48,100001,19050.890507,0,4047.50547465,-658.095981650011,0,26839.2,5072.2,45649.3
49,100001,19348.093479,0,4032.64532605,213.761194949999,0,27729.9,4867.6,43809
50,100001,19350.393502,0,4032.5303249,1041.77617310001,0,27958.1,4761.8,42856.4
51,100002,19946.89893,0,4002.7550535,-511.553983500002,0,17926.6,5863.8,52773.5
52,100002,19942.498842,0,4002.9750579,1635.02610009999,0,18478.2,5594.3,50349
53,100001,20091.000908,0,3995.4999546,593.899137399996,0,22177.9,5314.3,47828.4
54,100001,20097.800976,0,3995.1599512,31.0390727999911,0,23632.5,5224.5,47020
55,100002,19688.89377,0,4015.6553115,-1406.14908149999,0,18061.5,5964.2,53677.9
56,100002,19683.193656,0,4015.9403172,-1294.8339732,0,17606,5999.1,53992.6
57,100001,19665.996658,0,4016.7501671,1901.65317489999,0,24456.6,4996,44964
58,100001,19670.396702,0,4016.5301649,665.9731331,0,25350.4,5029.7,45268
59,100001,20143.901437,0,3992.85492815,-289.156365149996,0,21107.4,5504.6,49541.4
60,100001,20147.001468,0,3992.6999266,-440.201394600008,0,20782.6,5551.9,49967
61,100001,19271.892717,0,4036.45536415,-181.448081150018,0,27494.4,4937.89999999999,44441.8
62,100001,19271.992718,0,4036.4503641,787.6569179,0,27203.1,4870.2,43831.6
63,100001,20217.702175,0,3989.16489125,1405.93293374999,0,19486.1,5490.2,49411.9
64,100001,20220.102199,0,3989.04489005,1966.05291095,0,20528.1,5329.8,47967.9
65,100001,19213.292131,0,4039.38539345,-1608.67752445002,0,28138.5,5021.9,45196.6
66,100001,19210.792106,0,4039.5103947,1390.49749929999,0,26718.7,4864.1,43777.4
67,100001,19186.891867,0,4040.70540665,6636.60272635001,0,20273.7,4986.3,44876.8
68,100001,19187.691875,0,4040.66540625,5524.24271874999,0,19543.4,5170.5,46534.5
69,100002,19428.088554,0,4028.6955723,947.415873700003,0,16900.6,5869.7,52827.5
70,100002,19441.588824,0,4028.0205588,-757.309382800013,0,18023,5926.7,53340
71,100001,19546.095459,0,4022.74522705,-886.040686050008,0,25155.1,5216.3,46946.8
72,100001,19544.595444,0,4022.8202278,-115.615671799998,0,24338.6,5221.1,46989.5
73,100001,19425.894257,0,4028.75528715,-351.34954415002,0,24891.8,5200.6,46805.3
74,100001,19431.794316,0,4028.4602842,1507.2453998,0,24209,5082.5,45742
75,100001,19935.399352,0,4003.2800324,-1806.57938439999,0,18644.8,5922.4,53301.7
76,100001,19932.099319,0,4003.44503405,-1971.84435305,0,19609.6,5842.7,52585
77,100001,19847.398472,0,4007.6800764,-640.478548400009,0,21214.1,5557.3,50015
78,100001,19849.098489,0,4007.59507555,-995.793564550011,0,21040.3,5610,50489.8
79,100001,19580.095799,0,4021.04521005,-726.641009049999,0,23086.3,5404,48636.2
80,100001,19576.095759,20.9869,4020.19586705,-942.578526050012,0,22483.9,5484.2,49358.2
81,100001,19055.690555,0,4047.26547225,-43.6560272500064,0,24534.2,5240.8,47166.7
82,100001,19056.390562,0,4047.2304719,-6.12103390000993,0,24317.9,5258.5,47327.1
83,100001,19320.693205,0,4034.01533975,-12.6085447499936,0,24042.2,5261.7,47355
84,100001,19317.693175,0,4034.16534125,-440.058516249992,0,23631,5345.8,48112.4
85,100011,12188.040537,0,4391.14797315,14106.31348985,0,710.298,6861.5,61753.7
86,100011,12179.139558,0,4391.5930221,12307.1434199,0,936.424,7019.6,63177.1
87,100001,18729.087289,0,4063.59563555,6708.81707544999,0,17630.7,5286.8,47582
88,100001,18724.987248,0,4063.8006376,8665.61211440001,0,17994.5,5055.2,45496.9
89,100001,19868.098679,0,4006.64506605,91.656254949994,0,19167.3,5686.7,51180.6
90,100001,19877.398772,0,4006.18006140001,5.62116660000174,0,19932,5618,50561.8
91,100014,11961.6744,0,4402.61628,-494.190680000014,0,15155.1,6898.9,62089.9
92,100014,11943.17181,0,4403.5414095,-567.813219500007,0,16849.5,6738.60000000001,60647
93,100001,19219.392192,0,4039.0803904,-231.972582400005,0,24793.1,5218.1,46963.3
94,100001,19219.19219,0,4039.0903905,-2896.8825805,0,26175.4,5346.39999999999,48117.8
95,100008,15072.70572,0,4246.764714,-1590.67043400001,0,16421.1,6585.90000000001,59272.2
96,100008,15049.803888,0,4247.9098056,-625.9136936,0,14940.4,6639.60000000001,59756.2
97,100001,19133.991338,0,4043.3504331,-668.741771099994,0,24276.4,5321.6,47894.4
98,100001,19133.091329,0,4043.39543355,-1941.88676255001,0,24544.8,5422.2,48799.4
99,100001,18886.688865,0,4055.71555675,533.595578249995,0,23146.3,5337.89999999999,48040.8
100,100001,18888.088879,0,4055.64555605,-1288.93443505,0,24058.2,5428.8,48859.2
101,100001,19611.396112,0,4019.4801944,1362.8236936,0,21305.5,5370.2,48331.6
102,100001,19610.1961,0,4019.540195,336.563704999993,0,19758,5627.7,50649
103,100011,10148.316192,0,4493.1341904,17184.1078176,0,18.0418,6816.7,61350.7
104,100011,10144.415763,0,4493.32921185,21764.28422515,0,11.6708,6359.7,57237.6
105,100001,18852.788526,0,4057.4105737,-333.999099699991,0,23622.2,5380.2,48422.4
106,100001,18847.988478,0,4057.6505761,-149.6390541,0,22572.6,5467.3,49205.1
107,100001,18986.389862,0,4050.7305069,-184.120368899996,0,23373.5,5377.5,48397
108,100001,18990.689905,0,4050.51550475,-832.705409750008,0,23817.8,5397.5,48577.2
109,100001,19669.896697,0,4016.55516515,1659.74813785,0,15458.7,5919.6,53276.5
110,100001,19669.596694,0,4016.5701653,-569.666859300007,0,15014.2,6187,55683.3
111,100004,17498.299904,0,4125.2850048,-217.384908799999,0,12273.1,6632.39999999999,59692.3
112,100004,17480.899208,0,4126.1550396,-445.754247600009,0,13034.3,6580.8,59227.6
113,100001,18933.089329,0,4053.39553355,1520.81513745,0,22704,5279,47510.7
114,100001,18934.889347,0,4053.30553265,-132.894879650004,0,23172.7,5397.3,48575.7
115,100002,19520.89041,0,4024.0554795,432.454110499995,0,13881.8,6214.3,55928.5
116,100002,19516.090314,0,4024.2954843,-183.485798300004,0,14835.1,6181,55629
117,100001,19614.296141,0,4019.33519295,-509.431333950008,0,18076.8,5880,52920
118,100001,19612.496123,0,4019.42519385,782.378683149989,0,18163.6,5742.3,51680.8
119,100001,19391.593914,0,4030.4703043,3747.3357817,0,13370.5,5946.1,53515
120,100001,19387.19387,0,4030.6903065,3891.21582349999,0,12373.6,6031.8,54286.5
121,100001,19396.493963,0,4030.22530185,-361.719264850006,0,19276.7,5765.9,51893.4
122,100001,19390.993908,0,4030.5003046,1464.70578739999,0,19688,5542.7,49884.1
123,100002,19257.485142,0,4037.2257429,-527.210884900007,0,13870.1,6336.4,57028
124,100002,19263.685266,0,4036.9157367,1811.3989973,0,12870.1,6202,55817.9
125,100001,18823.18823,0,4058.8905885,-674.178818500004,0,22662.3,5513.10000000001,49617.7
126,100001,18823.988238,0,4058.8505881,-595.738826100009,0,23766.9,5394.7,48552.3
127,100001,18807.788076,0,4059.6605962,-1729.0486722,0,24365.9,5449.7,49047
128,100001,18806.888067,0,4059.70559665,87.5063363500012,0,23029.4,5401.8,48615.7
129,100001,18806.588064,0,4059.7205968,433.091339199993,0,22261.8,5444,48995.8
130,100003,18249.447467,0,4087.67762665,7383.53490634999,0,7225.04,6305.8,56751.5
131,100003,18249.947482,0,4087.6526259,2812.16989209998,0,8081.13,6677.2,60094.9
132,100001,19073.590734,0,4046.3704633,343.138802699999,0,20808.3,5573,50156.6
133,100001,19072.790726,0,4046.4104637,-1786.40118969999,0,20913.5,5775.5,51979.2
134,100004,17811.912448,0,4109.6043776,-299.2168256,0,10862.7,6751.9,60767.1
135,100004,17804.71216,0,4109.964392,-790.176552000004,0,10318.4,6856.10000000001,61705
136,100001,19655.19655,0,4017.2901725,-291.986722499991,0,16632.8,5998.8,53988.9
137,100001,19663.796636,0,4016.8601682,545.543195799997,0,16590.8,5918.4,53265.6
138,100019,9688.540473,0,4516.52297635,938.236550649977,0,13458.1,7141.8,64275.8
139,100019,9682.739371,0,4516.81303145,802.947597549995,0,13702.5,7131.4,64182.6
140,100001,19378.19378,0,4031.140311,3015.76590899999,0,15960.5,5761.5,51853.9
141,100001,19374.093739,0,4031.34531305,1255.96094795,0,16764,5857.6,52718
142,100002,18997.279938,0,4050.2360031,366.384058899996,0,11833.6,6475.4,58279.1
143,100002,18995.979912,0,4050.3010044,-1041.38091640001,0,13343.5,6465.4,58188.2
144,100001,18802.288021,0,4059.93559895,-794.323619950002,0,19582.5,5835.1,52515.5
145,100001,18802.18802,0,4059.940599,-1890.22861900001,0,20034.5,5899.5,53095.1
146,100003,18127.043795,0,4093.79781025,1608.62839474999,0,8873.53,6730,60570
147,100003,18130.843909,0,4093.60780455,-349.391713549994,0,9187.54,6894.09999999999,62046.3
148,100001,19011.290111,0,4049.48549445,685.324394549993,0,17535.5,5871.9,52847.5
149,100001,19013.990138,0,4049.3504931,-1693.24063110002,0,18105.3,6052.6,54473
150,100007,15378.176397,0,4231.44118015,-1978.94757715001,0,7971.73,7440.40000000001,66964.2
151,100007,15367.07562,0,4231.996219,1147.77816099999,0,8392.95,7086.7,63780.5
152,100001,19160.291601,0,4042.03541995,-466.427020950003,0,16587.9,6067.7,54609.5
153,100001,19159.091589,0,4042.09542055,-439.88700955001,0,15736.8,6150.3,55352.6
154,100001,17356.273561,0,4132.23632195,8785.51011705001,0,6800.08,6292.7,56634.2
155,100001,17353.973538,0,4132.3513231,11412.4651389,0,6754.71,6034.7,54312.8
156,100001,18850.388502,0,4057.53057490001,-14.4190768999979,0,17121.6,5998.6,53987.3
157,100001,18851.888517,0,4057.45557415,-1412.54409115001,0,16852.4,6165.2,55486.6
158,100001,19401.994018,0,4029.9502991,2501.35568289999,0,14333.3,5973.4,53761
159,100001,19392.593924,0,4030.4203038,-941.9142278,0,15419.3,6210.1,55890.5
160,100001,19195.391952,0,4040.2804024,915.027645599992,0,17946.1,5790.5,52113.7
161,100001,19197.391972,0,4040.1804014,1308.62762659998,0,17931.5,5752.4,51770.9
162,100002,19112.182236,0,4044.4908882,1730.72687580001,0,11409.1,6370.5,57335
163,100002,19126.282518,0,4043.7858741,164.3316079,0,11812.4,6485.5,58369.7
164,100001,18510.985108,0,4074.5007446,593.914147399984,0,20429.9,5639.2,50752.5
165,100001,18511.885117,0,4074.45574415,879.459138849998,0,18386.1,5814.9,52334.2
166,100005,13092.85461,0,4345.6072695,18101.4611205,0,250.077,6421.5,57793.5
167,100005,13093.154625,0,4345.59226875,17124.81710625,0,253.636,6518.8,58669
168,100002,18582.671646,0,4070.9664177,-615.508063700007,0,8982.67,6898.1,62083.1
169,100002,18583.271658,0,4070.9364171,1429.63192490001,0,9519.46,6639.89999999999,59758.8
170,100001,19155.091549,0,4042.29542255,1191.71302844999,0,13545.9,6206.6,55859.4
171,100001,19152.19152,0,4042.440424,920.868055999992,0,14516.6,6136.9,55232
172,100001,18697.086969,0,4065.19565155,979.617379449999,0,17409.9,5884.89999999999,52964.3
173,100001,18704.087039,0,4064.84564805,-2123.83268704999,0,17674.8,6168.1,55513
174,100002,18851.87703,0,4057.5061485,2268.51682149999,0,10230.5,6459.4,58134.2
175,100002,18846.576924,0,4057.7711538,796.351922200003,0,10777.8,6552.3,58971.2
176,100001,18949.389492,0,4052.5805254,-280.070017400001,0,15235.2,6204.4,55839.5
177,100001,18942.089419,0,4052.94552905,-1492.43494805,0,15382.5,6311.6,56804.3
178,100001,18574.785746,0,4071.3107127,-542.496458699992,0,17248.5,6064.9,54584
179,100001,18576.385762,0,4071.2307119,-727.616473899994,0,16662.9,6141.8,55276.3
180,100001,18575.685755,0,4071.26571225,1337.04853274999,0,19183.4,5683.4,51150.2
181,100001,18575.285751,0,4071.28571245,652.128536549993,0,18917.5,5778.5,52006.3
182,100001,18919.389192,0,4054.0805404,499.730267600004,0,13077.1,6345,57105.7
183,100001,18919.289191,0,4054.08554045,743.725268549999,0,12691.7,6359.2,57233
184,100001,18758.087579,0,4062.14562105,757.066799949986,0,14374.7,6204.9,55844.1
185,100001,18758.287581,0,4062.13562095,1061.87679805,0,14256,6186.3,55676.4
186,100003,16520.395597,0,4174.13022015,10315.66418285,0,2115.81,6687.7,60189.3
187,100003,16505.095138,0,4174.8952431,10832.5996189,0,1707.31,6678.3,60104.8
188,100001,18258.782586,0,4087.1108707,-397.493456700009,0,16799.7,6125.3,55127.6
189,100001,18255.582554,0,4087.2708723,890.446573699999,0,16179.7,6058.8,54529.2
190,100001,18588.585884,0,4070.6207058,-738.406589800004,0,14973.9,6310.60000000001,56795.7
191,100001,18588.685885,21.2381,4069.55380075,-952.477785750001,0,13997.6,6427.6,57848.8
192,100002,18748.274958,0,4062.6862521,931.208789900004,0,9448.13,6681.2,60130.5
193,100002,18747.974952,0,4062.7012524,-705.636204399983,0,9677.76,6821.89999999999,61397.3
194,100001,18224.282241,0,4088.83588795,-585.318128949999,0,16100.8,6217.2,55955.2
195,100001,18226.082259,0,4088.74588705,900.071853950008,0,15305.3,6148.10000000001,55332.7
196,100001,18216.382162,0,4089.2308919,-3.51305390001653,0,15844.6,6185.5,55668.8
197,100005,14904.045165,0,4255.04774175,10355.02409325,0,289.983,7020.09999999999,63180.8
198,100005,14897.244825,0,4255.38775875,12748.41841625,0,545.649,6755.8,60802.5
199,100004,16891.275624,0,4155.6362188,1115.34815719999,0,5568.44,7227.4,65045.9
200,100004,16898.67592,0,4155.266204,1270.14787599999,0,5721.91,7195.8,64762.2
201,100006,15710.9426,0,4214.75287,479.824529999998,0,4396.68,7520.40000000001,67683.4
202,100006,15698.541856,0,4215.3729072,-436.084763199993,0,4457.57,7607.10000000001,68463.5
203,100004,17217.988692,0,4139.3005654,297.750742599994,0,5458.46,7289,65601.5
204,100004,17223.788924,0,4139.0105538,-598.159477800014,0,5534.16,7370.5,66334.7
205,100002,18461.969232,0,4077.0015384,770.449229599995,0,7549.98,6914.3,62228.3
206,100002,18455.969112,0,4077.3015444,340.779343599992,0,8583.45,6854.4,61690.1
207,100001,18629.18629,0,4068.5906855,-452.076975499993,0,10021.9,6773.3,60960.1
208,100001,18630.286301,0,4068.53568495,-2032.02198595001,0,11054.2,6828,61452
209,100001,18467.984678,0,4076.6507661,-713.835444100012,0,16511.1,6165.9,55493.2
210,100001,18468.984688,0,4076.6007656,1547.9145464,0,16309.7,5959.8,53638
211,100001,18302.083019,0,4084.94584905,-2912.22886805001,0,15472.8,6505.4,58548
212,100001,18293.382932,0,4085.3808534,3291.23621460001,0,12577.6,6175.3,55578.1
213,100010,13727.57262,0,4314.121369,-1130.503989,0,4889.21,7820.90000000001,70388.7
214,100010,13722.17208,0,4314.391396,889.506523999982,0,4671.13,7641.3,68771.5
215,100003,17551.226521,0,4122.58867395,-822.395194950004,0,5695.28,7345.7,66110.6
216,100001,18329.483293,0,4083.57583535,-418.259128350008,0,11786.1,6622.00000000001,59598.1
217,100001,18330.383302,0,4083.5308349,-755.314136900008,0,11493.1,6685,60164.3
218,100003,17541.126218,0,4123.0936891,1839.2100929,0,4811.77,7168.8,64519
219,100001,18375.683755,0,4081.26581225,338.650432749993,0,15596.3,6160.9,55448.2
220,100001,18375.583754,0,4081.2708123,-252.054566300001,0,15939.9,6185.60000000001,55670.7
221,100001,18017.080169,0,4099.19599155,3418.68383945001,0,8770.54,6569.6,59125.9
222,100001,18027.380272,0,4098.6809864,3131.49874159999,0,7958.74,6678.5,60106.2
223,100001,18706.887067,0,4064.70564665,1538.80728634999,0,12088.5,6360.2,57241.9
224,100001,18702.18702,0,4064.940649,50.4723309999827,0,11670.6,6551.3,58961.5
225,100001,17217.672175,0,4139.16639125,7343.87143375,0,7805.09,6349.5,57145.7
226,100001,17214.772146,0,4139.3113927,6264.84646129999,0,7158.97,6522.3,58700.8
227,100001,18183.681835,0,4090.86590825,130.65225675,0,13387.2,6420.9,57787.7
228,100001,18179.18179,0,4091.0909105,716.027299499998,0,12598.2,6441.6,57974.9
229,100011,9252.517665,0,4537.92411675,12802.79671825,0,26.7615,7339.10000000001,66051.9
230,100011,9253.917819,0,4537.85410905,12496.05427195,0,28.8738,7369.5,66324.8
231,100001,18308.283081,0,4084.63584595,-427.018926950004,0,16128.4,6190.7,55716
232,100001,18312.483123,0,4084.42584385,295.29103315001,0,17027.6,6028.1,54253.1
233,100003,17854.335614,0,4107.4332193,-519.638833299992,0,5374.17,7318.59999999999,65868.1
234,100003,17854.835629,0,4107.40821855,1163.06615244999,0,5805.49,7107.2,63965
235,100002,18190.86381,0,4090.5568095,1477.81938049999,0,6400.96,6984.2,62857.6
236,100002,18193.663866,0,4090.4168067,-111.920672699998,0,6897.04,7093.3,63839.5
237,100002,18394.067874,0,4080.3966063,330.955519700001,0,8578.28,6861.8,61756.5
238,100002,18404.568084,0,4079.8715958,-191.129679800011,0,8411.49,6929.7,62367.5
239,100001,18083.380832,0,4095.8809584,-1834.36179039999,0,13459.4,6619.6,59577.1
240,100001,18081.680815,0,4095.96595925,246.953225749989,0,13712.1,6386.5,57477.8
241,100001,18008.080079,0,4099.64599605,-569.126075050015,0,13542.8,6492,58427.6
242,100001,18004.780046,0,4099.8109977,2973.3089563,0,12830,6209.3,55883.8
243,100001,18508.085079,0,4074.64574605,-2209.13082505,0,12078.7,6754.89999999999,60793.8
244,100001,18509.685095,0,4074.56574525,1068.74915975001,0,11643.9,6470.4,58233.7
245,100001,17941.779416,0,4102.9610292,1754.35955479999,0,11638.5,6456.3,58107.1
246,100001,17943.879437,0,4102.85602815,1057.16453484999,0,12741.8,6415.5,57739.8
247,100001,18433.084329,0,4078.39578355,682.219887449988,0,14166.9,6264.1,56376.3
248,100001,18434.584344,0,4078.3207828,2108.5948732,0,13086.1,6229.4,56064
249,100001,17904.17904,0,4104.841048,-1700.52008800001,0,13735.4,6595.7,59361.4
250,100001,17902.579024,0,4104.9210488,1192.1999272,0,13104.3,6369.7,57327.3
251,100002,18110.3622,0,4094.58189,-821.374089999997,0,6902.03,7171.59999999999,64544.8
252,100002,18106.762128,0,4094.7618936,-3291.37402160001,0,7216.05,7387.60000000001,66488.2
253,100001,17883.978838,0,4105.8510581,1498.07010389999,0,12659,6385.4,57468.7
254,100001,17881.678815,0,4105.96605925,240.355125750008,0,13101.3,6467.2,58204.5
255,100005,15913.495635,0,4204.57521825,-1648.81085325,0,2384.74,7915.10000000001,71235.9
256,100005,15921.296025,0,4204.18519875,-1629.25122375001,0,3117.57,7839.09999999999,70552.1
257,100002,18094.661886,21.4361,4094.2951007,-63.6830867000244,0,7826.49,7002.9,63025.9
258,100002,18086.261718,0,4095.7869141,2344.3313679,0,7714.82,6776.10000000001,60984.7
259,100003,16016.580483,0,4199.32097585,5994.07854115,0,1914.22,7187.8,64691
260,100003,16020.4806,0,4199.12597,5508.37342999999,0,1944.82,7233,65097.2
261,100001,18172.281721,0,4091.43591395,-1512.81763495001,0,11721.8,6752.8,60775.5
262,100001,18163.781636,0,4091.8609182,1205.25744579999,0,11642.1,6489.8,58408.2
263,100001,17796.677965,0,4110.21610175,-1214.19406675002,0,11106.7,6820.10000000001,61381.5
264,100001,17801.478013,0,4109.97609935,651.945887649985,0,10358.3,6707.9,60371.4
265,100004,16655.6662,0,4167.41669,-142.082889999991,0,2610.9,7671.20000000001,69040.9
266,100004,16672.366868,0,4166.5816566,-2065.9785246,0,2381.93,7884.90000000001,70964.2
267,100004,16333.953332,0,4183.5023334,-739.895665399978,0,2615.54,7761.09999999999,69849.8
268,100004,16324.552956,0,4183.9723522,403.354691800007,0,2717.22,7637.5,68737.4
269,100003,15394.961835,0,4230.40190825,9853.87625675,0,1662.66,6886.10000000001,61975
270,100003,15391.261724,0,4230.5869138,9298.92136219999,0,1691.83,6939.09999999999,62451.3
271,100001,17903.079029,0,4104.89604855,3125.02492245,0,10073.2,6479.4,58315.4
272,100001,17891.578914,0,4105.4710543,-1146.8499683,0,11047.4,6810.39999999999,61293
273,100002,17784.055674,0,4110.8972163,126.717109699996,0,5627.83,7235.2,65117.3
274,100002,17772.155436,0,4111.4922282,716.182335799997,0,6021.47,7138.1,64242.6
275,100016,10314.049984,0,4485.0975008,1783.0925152,0,2423.36,8101.09999999999,72909.3
276,100016,10311.14952,0,4485.242524,2344.647956,0,2334.26,8054,72486.7
277,100003,17018.710546,0,4149.2144727,-1633.9550187,0,3287.93,7718.10000000001,69463
278,100003,17022.210651,0,4149.03946745,1088.79988155,0,3074.95,7466.8,67201.2
279,100001,17852.978528,0,4107.4010736,-53.1496016000165,0,8227.97,6986.60000000001,62879.2
280,100001,17851.778516,0,4107.4610742,2026.4004098,0,8429.96,6758.59999999999,60826.8
281,100007,14482.413698,0,4276.2293151,380.426986899998,0,1285.03,7958.29999999999,71624.6
282,100007,14485.313901,0,4276.08430495,893.909794049978,0,897.092,7945.40000000001,71509.2
283,100002,17799.455982,0,4110.1272009,2778.59681709998,0,6337.72,6897.60000000001,62078.5
284,100002,17805.85611,0,4109.8071945,-898.603304499993,0,7099.24,7188.6,64697.1
285,100001,18025.780256,0,4098.7609872,706.258756800002,0,10299.4,6687.10000000001,60183.7
286,100001,18020.1802,0,4099.04099,695.678809999998,0,10733.7,6645.2,59807.2
287,100002,17822.156436,0,4108.9921782,248.301385800005,0,5013.85,7280.89999999999,65527.8
288,100002,17817.056334,0,4109.2471833,-787.213517299999,0,5358.11,7350.40000000001,66154.4
289,100008,14137.330896,0,4293.5334552,-2216.15435120001,0,2676.99,8111.7,73004.6
290,100008,14143.331376,0,4293.2334312,-229.464807200013,0,2475.8,7932.5,71392.6
291,100002,17489.049774,0,4125.6475113,2712.0527147,0,5315.15,7036.00000000001,63324.1
292,100002,17483.049654,0,4125.9475173,-1184.00717130001,0,5277.51,7429.89999999999,66869.6
293,100002,17475.549504,0,4126.3225248,-783.802028799997,0,4515.23,7466.8,67201.9
294,100002,17481.749628,0,4126.0125186,-1434.30214660002,0,4715.24,7511.3,67602
295,100002,17180.443602,0,4141.0778199,-1598.01142190001,0,3659.69,7661.8,68957
296,100002,17179.243578,0,4141.1378211,184.378600900003,0,3767.24,7473,67257
297,100002,17545.550904,0,4122.8224548,-1658.3833588,0,6182.01,7381,66429
298,100002,17550.351,0,4122.58245,-85.0034499999893,0,6978.67,7143.49999999999,64291.9
299,100001,17446.374462,0,4127.7312769,1561.8042611,0,7630.79,6923.4,62310.9
300,100001,17447.574474,0,4127.6712763,-333.525750300003,0,8034.38,7072.49999999999,63652.4
301,100001,17707.477073,0,4114.67614635,1321.74678065001,0,10723.9,6613.3,59519.9
302,100001,17696.676965,0,4115.21615175,89.1068832499877,0,10673.7,6742.60000000001,60683.7
303,100006,14828.589662,0,4258.8705169,-210.796178899996,0,830.936,8029.79999999999,72268.6
304,100006,14841.89046,0,4258.205477,-1050.67593699999,0,1059.18,8089.7,72807.7
305,100001,17634.276341,0,4118.33618295001,-217.612523949996,0,10701.8,6776.39999999999,60987.8
306,100001,17635.17635,0,4118.2911825,253.332467500004,0,10185.5,6780.89999999999,61027.8
307,100004,16171.046816,0,4191.6476592,-1122.3344752,0,1522.04,7924.20000000001,71317.4
308,100004,16167.046656,0,4191.8476672,2529.36567679998,0,1556.64,7555.90000000001,68003.2
309,100002,17329.546584,0,4133.6226708,1148.12074520001,0,6094.31,7129.59999999999,64166.8
310,100002,17331.446622,0,4133.5276689,-271.444290900006,0,6239.87,7256.90000000001,65311.7
311,100001,17587.675875,0,4120.66620625,-2324.54208125001,0,10481.4,7013.60000000001,63122.2
312,100001,17591.575914,0,4120.4712043,1381.8528817,0,10493.9,6641.3,59771.9
313,100003,16539.696176,0,4173.1651912,-1107.6013672,0,2168.54,7822.89999999999,70406.3
314,100003,16527.695816,0,4173.7652092,-1076.1810252,0,1825.52,7855.2,70697
315,100002,17211.644226,0,4139.5177887,1770.59798529999,0,4947.24,7193.3,64739.7
316,100002,17207.34414,0,4139.732793,-1813.98693300001,0,4714.41,7575.39999999999,68179.1
317,100001,17560.675605,0,4122.01621975,773.608175249989,0,10352.6,6719.2,60472.9
318,100001,17561.575614,0,4121.9712193,-2021.34683329999,0,10571.9,6976.7,62790.2
319,100001,17541.575414,0,4122.9712293,842.453356700004,0,10121.1,6737.2,60635.7
320,100003,16804.104108,0,4159.9447946,1067.11109739999,0,2757.24,7521.40000000001,67693.2
321,100003,16794.703826,0,4160.4148087,-65.3186347000301,0,2672.6,7644,68796.6
322,100002,17153.743068,0,4142.4128466,-1477.93591460001,0,5964.48,7422,66797.3
323,100002,17158.943172,0,4142.1528414,-1453.3060134,0,5914.31,7424,66815.9
324,100001,17180.1718,0,4141.04141,-1447.23321000001,0,8210.42,7191.7,64724.9
325,100001,17183.471833,0,4140.87640835,460.121758649999,0,7613.83,7060.2,63542.5
326,100002,16985.039694,0,4150.8480153,-2125.80770929999,0,4911.72,7608,68472.2
327,100002,16982.639646,0,4150.9680177,-1115.7876637,0,4663.58,7532.10000000001,67788.5
328,100002,17006.940132,0,4149.7529934,-1682.50312540002,0,5579.21,7494.8,67453.8
329,100002,16999.039974,0,4150.1480013,268.282024699991,0,6241.13,7234.3,65109.1
330,100004,15343.61372,0,4233.019314,596.108966,0,881.558,7895,71054.7
331,100004,15346.213824,0,4232.8893088,-354.482132800011,0,949.779,7983,71846.6
332,100002,16885.037694,0,4155.8481153,-491.895809300011,0,5505.41,7394.70000000001,66552.9
333,100002,16884.637686,0,4155.8681157,1276.97419829998,0,5344.72,7234,65105.8
334,100004,15823.232904,0,4209.0383548,437.218741199991,0,1012.31,7852.2,70670
335,100004,15817.63268,0,4209.318366,-822.931046000027,0,1515.88,7928.40000000001,71355.7
336,100004,15720.728804,0,4214.1635598,278.247636200002,0,1066.36,7872.39999999999,70852.1
337,100004,15723.928932,0,4214.0035534,915.367514600002,0,1081.4,7806.90000000001,70262.4
338,100002,16431.82863,0,4178.5085685,-324.957198500022,0,3002.32,7671.40000000001,69042.9
339,100002,16432.428642,0,4178.4785679,502.51279009998,0,2965.78,7592.3,68330.5
340,100002,16777.735548,0,4161.2132226,1719.88122939999,0,4391.07,7295.20000000001,65656.9
341,100002,16781.635626,0,4161.0182187,1006.85615529999,0,4261.89,7379,66411.6
342,100003,16102.283054,0,4195.0358473,-1250.4689013,0,1592.15,7936.39999999999,71427.6
343,100033,4438.864342,0,4779.7067829,2665.85887510001,0,3722.37,8442.59999999999,75983.6
344,100003,16102.583063,0,4195.02084685,2893.43609014999,0,1834.86,7497.70000000001,67479.4
345,100033,4430.761669,0,4780.11191655,3050.99641445,0,3955.33,8381.60000000001,75434.2
346,100002,16813.036254,0,4159.4481873,413.625558699991,0,5659.49,7295.59999999999,65660.8
347,100002,16811.136216,0,4159.5431892,-1913.04940520001,0,6043.07,7490.10000000001,67411.2
348,100002,16775.3355,0,4161.333225,-463.158724999987,0,5524.09,7400.39999999999,66604
349,100002,16779.235578,0,4161.1382211,-96.433799099992,0,5094.26,7406.40000000001,66657.4
350,100007,13688.158104,0,4315.9420948,1437.4048012,0,263.095,8030.2,72272.2
351,100007,13693.358468,0,4315.6820766,1225.07445539998,0,434.585,8033.8,72304.5
352,100002,16618.83237,0,4169.1583815,138.069248499989,0,4559.24,7451.59999999999,67065.1
353,100002,16617.732348,0,4169.2133826,1037.18426939999,0,3889.37,7428.8,66859.7
354,100010,12876.68754,0,4356.665623,2062.41683699998,0,374.13,8034,72306.1
355,100010,12875.68744,0,4356.715628,3934.608932,0,360.588,7848.2,70634.2
356,100002,16895.537904,0,4155.3231048,-206.851008800004,0,3552.19,7560.60000000001,68045.2
357,100002,16892.237838,0,4155.4881081,814.224053900005,0,3559.15,7458.09999999999,67122.8
358,100002,16490.82981,0,4175.5585095,371.831680500007,0,3795.98,7516.8,67651
359,100002,16488.229758,0,4175.6885121,1571.07172989998,0,4651.21,7311.60000000001,65804.2
360,100006,14071.34423,0,4296.7327885,-1757.3760185,0,209.099,8318.59999999999,74867.6
361,100006,14072.34429,0,4296.6827855,1714.7659245,0,342.207,7958,71622
362,100002,16400.628006,0,4180.0685997,1247.14339429999,0,3814.46,7435.89999999999,66923.8
363,100002,16396.027914,0,4180.2986043,413.243481699988,0,3819.33,7519.3,67673.8
364,100004,15328.1131,0,4233.794345,-1734.397445,0,823.29,8135.3,73217.9
365,100003,15738.672146,0,4213.2163927,-1084.8885387,0,1214.4,7992.10000000001,71929.5
366,100003,15738.47214,0,4213.226393,-424.638533000005,0,1747.24,7872.89999999999,70855.8
367,100004,15323.312908,0,4234.0343546,-1396.7102626,0,964.063,8087.90000000001,72791.4
368,100002,16349.526984,0,4182.6236508,-635.670634800001,0,4518.22,7558.7,68028.6
369,100002,16338.226758,21.8099,4182.0981671,-1355.47482510001,0,4262.74,7655.3,68897.3
370,100002,16324.426482,0,4183.8786759,-86.7151579000056,0,4138.91,7544.2,67897.3
371,100002,15923.918472,0,4203.9040764,-1936.00254840002,0,3736.88,7807.3,70266
372,100002,15925.618506,0,4203.8190747,-1112.81758069999,0,3015.68,7797,70172.7
373,100002,16643.132856,0,4167.9433572,-854.376213200012,0,3236.3,7680.89999999999,69128.1
374,100002,16648.932972,0,4167.6533514,1929.0836766,0,2768.43,7448.79999999999,67039.1
375,100014,10800.411846,0,4460.6794077,-883.658253700007,0,525.367,8511.09999999999,76600.1
376,100014,10799.711748,0,4460.7144126,2798.6588394,0,603.215,8135.2,73216.5
377,100004,14269.870772,0,4286.7064614,1397.63576660001,0,589.087,7946,71514.7
378,100004,14271.670844,0,4286.6164578,-1849.84030180001,0,541.653,8275.39999999999,74478.5
379,100003,15419.362567,0,4229.18187165,1266.98556135,0,1490.57,7759.7,69837.2
380,100003,15431.062918,0,4228.5968541,1244.45022789999,0,1486.19,7761.3,69851.4
381,100005,14473.023615,0,4276.59881925,315.000565750001,0,496.877,8044.3,72399.2
382,100005,14456.7228,0,4277.41386,851.08133999999,0,495.782,7992.39999999999,71931.6
383,100004,14993.899732,0,4250.5050134,-84.3867453999846,0,852.082,7999.2,71992.7
384,100004,14983.59932,0,4251.020034,1842.77964599998,0,739.501,7818.70000000001,70368.4
385,100003,15827.074798,0,4208.7962601,892.418941900003,0,1951.51,7712.3,69410.9
386,100003,15823.274684,0,4208.9862658,273.759050199995,0,2152.48,7754.39999999999,69790.1
387,100005,13495.07472,0,4325.496264,4497.14401600001,0,333.485,7735.3,69618.5
388,100005,13486.574295,0,4325.92128525,5735.41641975001,0,253.188,7620.39999999999,68583.5
389,100002,16252.225038,0,4187.4887481,-350.743786100007,0,3076.73,7683.7,69152.6
390,100002,16254.125076,0,4187.3937462,-997.838822199992,0,3371.12,7718.7,69468.5
391,100007,13007.510462,0,4349.9744769,1863.45306109998,0,217.562,8056.8,72511.7
392,100007,12998.809853,0,4350.40950735,1617.53563965,0,185.845,8085.5,72768.9
393,100008,13323.5658,0,4334.22171,-344.180510000006,0,440.493,8225.39999999999,74028.5
394,100008,13326.466032,0,4334.0766984,29.5522695999971,0,347.705,8197,73773.2
395,100003,15187.555613,0,4240.77221935,2968.84216764999,0,1394.63,7621.09999999999,68590.1
396,100003,15186.155571,22.18,4239.73322145,1499.43120755001,0,1409.9,7764.60000000001,69881
397,100006,13450.706994,0,4327.7646503,-1211.36964430001,0,256.198,8318.2,74864.5
398,100006,13447.30679,0,4327.9346605,1662.5925495,0,152.366,8041.60000000001,72374.2
399,100004,14727.189064,0,4263.8405468,-1460.5596108,0,791.43,8168.20000000001,73513.9
400,100004,14718.0887,0,4264.295565,428.420734999992,0,977.095,7961.60000000001,71654.5
401,100004,14926.59704,0,4253.870148,-668.644187999991,0,509.177,8098.3,72884.7
402,100004,14941.197624,0,4253.1401188,-628.617742800008,0,447.98,8099,72891.3
403,100002,15997.119936,0,4200.2440032,233.176060799989,0,3002.36,7656.90000000001,68912.2
404,100002,15994.919892,0,4200.3540054,1427.4561026,0,2806.37,7557.29999999999,68015.6
405,100003,15449.963485,0,4227.65182575,2370.55468925,0,2100.33,7585.5,68269
406,100003,15442.563263,0,4228.02183685,-1056.85509985001,0,1985.67,7940.40000000001,71463.2
407,100003,15017.950525,0,4249.25247375,1259.16700125001,0,1190.23,7828.7,70457.7
408,100003,15019.050558,0,4249.1974721,-806.3380301,0,1552.89,7998.8,71989.4
409,100003,14903.947105,0,4254.95264475,-566.539749750009,0,1246.74,8016.39999999999,72147.5
410,100003,14914.947435,0,4254.40262825001,49.1599367500021,0,1352.89,7943.20000000001,71488.4
411,100004,14506.880252,0,4274.8559874,541.263760599992,0,844.5,7983.7,71852.8
412,100004,14513.880532,0,4274.5059734,229.9064946,0,794.707,8019.10000000001,72171.9
413,100003,14868.346037,0,4256.73269815,1368.16126484999,0,1635.66,7787.40000000001,70086.7
414,100026,6269.12955,0,4687.8435225,-845.242072499998,0,944.069,8897,80073.2
415,100026,6260.027184,24.4402,4687.0766308,888.784985200007,0,904.571,8726.10000000001,78535
416,100002,16104.922092,0,4194.8538954,296.654012600004,0,2764.87,7664,68976.7
417,100002,16112.32224,0,4194.483888,-144.466128000015,0,2769.86,7707,69362.8
418,100004,14380.375192,0,4281.1812404,537.067567599996,0,829.776,7997.5,71978.1
419,100004,14368.174704,0,4281.7912648,-19.4539688000223,0,706.888,8066.70000000001,72599.9
420,100011,9705.16745100001,0,4515.29162745,5725.76112154999,0,40.2798,8002.5,72022
421,100011,9702.86719800001,0,4515.4066401,5972.39346189999,0,24.4327,7979.59999999999,71816.3
422,100019,8631.439662,0,4569.3780169,-116.74467890001,0,319.427,8661.60000000001,77953.9
423,100019,8657.744659,0,4568.06276705,-1165.05942605002,0,505.952,8745.2,78707.1
424,100011,11391.452922,0,4430.9773539,-101.951275900006,0,113.421,8417.70000000001,75759.4
425,100011,11393.653164,0,4430.8673418,286.539394200008,0,81.7401,8381.8,75436.4
426,100007,12446.371185,0,4378.03144075,-827.172825749993,0,79.6702,8393,75537.1
427,100007,12460.272158,0,4377.3363921,-1196.0608501,0,96.9523,8426.8,75841.7
428,100004,14303.672124,0,4285.0163938,-829.653517800005,0,752.465,8149.3,73343.2
429,100004,14304.372152,0,4284.9813924,1175.6964556,0,637.05,7960.2,71641.7
430,100006,12969.27811,0,4351.8360945,-1051.4802045,0,176.866,8356,75203.5
431,100006,12971.878266,0,4351.7060867,-40.4213527000102,0,137.137,8258.59999999999,74327.1
432,100010,12125.41242,0,4394.229379,3127.540201,0,111.718,8025.10000000001,72226
433,100010,12123.71225,0,4394.3143875,703.950362499992,0,118.423,8266.90000000001,74402.7
434,100002,15886.217718,0,4205.7891141,-1293.0268321,0,3050.22,7815.2,70337.6
435,100002,15882.117636,0,4205.9941182,-859.271754200003,0,3076.16,7769.7,69927.3
436,100004,14563.482516,0,4272.0258742,-473.152390200004,0,670.344,8097.2,72874.1
437,100004,14574.682964,0,4271.4658518,-692.539815800017,0,425.791,8142.40000000001,73282.2
438,100005,13752.88761,0,4312.6056195,-1984.6062295,0,199.213,8372.5,75352.4
439,100005,13762.988115,0,4312.10059425,239.870290749997,0,324.641,8136.5,73228.9
440,100011,10727.979948,0,4464.1510026,2397.54364939999,0,24.2254,8239.70000000001,74157.4
441,100011,10699.876857,0,4465.55615715,3583.04718584999,0,54.6198,8120.79999999999,73087.1
442,100006,12642.558508,0,4368.1720746,-2622.25458260001,0,118.524,8549.89999999999,76949.1
443,100006,12639.058298,0,4368.3470851,-485.147383100004,0,212.842,8327.09999999999,74943.8
444,100007,12057.543969,0,4397.47280155,-1121.32287054999,0,42.5061,8463,76167.8
445,100007,12056.443892,0,4397.5278054,-3263.1976974,0,113.526,8670.3,78032.4
446,100016,9252.780208,0,4538.1609896,2539.83340240001,0,49.4254,8363.60000000001,75272.2
447,100016,9255.98072,0,4538.000964,1135.05411600001,0,58.0642,8502.9,76526
448,100005,13159.85796,0,4342.257102,787.33993799999,0,301.245,8141.40000000001,73272.9
449,100005,13154.25768,0,4342.537116,39.3202039999887,0,399.785,8206.90000000001,73862.2
450,100004,13759.55036,0,4312.222482,-605.150841999988,0,441.178,8209.59999999999,73886.6
451,100004,13752.950096,0,4312.5524952,-747.903591199996,0,474.401,8221.2,73990.8
452,100006,12475.24847,0,4376.5375765,531.624953499995,0,174.289,8244.8,74203.5
453,100006,12466.847966,0,4376.9576017,694.940332299986,0,75.4541,8239.2,74152.6
454,100007,11820.727393,0,4409.31363035,-913.441923350008,0,89.5009,8460.09999999999,76140.8
455,100007,11825.627736,0,4409.06861320001,791.454650799991,0,117.849,8286.3,74576.7
456,100007,11727.320855,0,4413.98395725,-127.152812250017,0,139.748,8385.3,75467.8
457,100008,12598.307784,0,4370.4846108,-544.5473948,0,144.555,8344,75095.2
458,100008,12610.908792,0,4369.8545604,-144.884152400016,0,86.9208,8308.5,74776.7
459,100004,14038.0615,0,4298.296925,-1193.34242500002,0,499.884,8236.10000000001,74125
460,100004,14035.261388,0,4298.4369306,-503.906318599999,0,492.508,8168.09999999999,73513.6
461,100004,13863.154504,0,4307.0422748,-337.750778800008,0,578.454,8159.3,73433.8
462,100004,13865.854612,0,4306.9072694,982.4771186,0,648.161,8020,72180.6
463,100010,11480.24791,0,4426.4876045,1076.4847855,0,56.6797,8297,74673.1
464,100010,11463.54624,0,4427.322688,598.842071999999,0,115.989,8340.5,75063.8
465,100004,13730.449196,0,4313.6775402,1147.23326379999,0,485.74,8032.7,72294.2
466,100014,9782.86941,0,4511.5565295,830.684160500008,0,57.6899,8483.09999999999,76348.1
467,100014,9788.970264,0,4511.2514868,396.557849199991,0,26.6204,8529.10000000001,76761.5
468,100008,12002.46012,0,4400.276994,-994.641113999998,0,111.004,8448.9,76040
469,100008,11984.858712,23.0128,4400.0064244,1215.56106359999,0,106.561,8227.8,74050.2
470,100010,10943.99429,0,4453.3002855,98.7125244999916,0,26.2929,8448.8,76038.9
471,100010,10943.19421,0,4453.3402895,1030.87750049999,0,44.288,8353.8,75184.5
472,100016,8399.043632,0,4580.8478184,1100.58234960001,0,33.5262,8590.2,77311.8
473,100016,8382.040912,0,4581.6979544,3614.41043359999,0,20.5507,8341.7,75075.6
474,100010,10539.0538,0,4473.54731,486.787989999983,0,37.8109,8447.3,76025.5
475,100010,10560.85598,0,4472.457201,-244.231881,0,38.2187,8518.2,76664.5
476,100008,11521.221624,0,4424.3389188,1762.87955720001,0,92.0599,8220.7,73986.8
477,100008,11520.821592,0,4424.3589204,-106.615712400002,0,52.0352,8411.7,75705.7
478,100019,7722.46699,0,4614.8266505,-1335.28394050001,0,29.3903,8898.8,80088.8
479,100019,7728.768187,0,4614.51159065,2090.78362234999,0,61.2366,8552.3,76971.4
480,100026,5488.826724,0,4726.8586638,217.776612200003,0,69.338,8952.39999999999,80570.8
481,100026,5493.227868,0,4726.6386066,2066.1779254,0,93.9556,8764.60000000001,78881.4
482,100010,10327.83268,0,4484.108366,1610.31325399999,0,48.8457,8353.89999999999,75185
483,100010,10322.23212,0,4484.388394,-1387.94681400001,0,24.3263,8656.7,77910.3
484,100010,10243.72427,0,4488.3137865,-1563.12515650001,0,15.8871,8682.59999999999,78142.6
485,100008,11213.797032,0,4439.7101484,-514.641180400009,0,110.134,8475.89999999999,76283.1
486,100008,11209.696704,0,4439.9151648,-2563.14476880002,0,88.5329,8683.3,78149.7
487,100014,8972.856024,0,4552.0571988,-1307.28162280002,0,60.2684,8773.60000000001,78962.5
488,100014,8972.455968,0,4552.07720160001,-1681.54846960001,0,29.0153,8814.2,79327.8
489,100033,3580.981334,0,4822.60093330001,297.838832699999,0,71.6789,9126,82133.9
490,100033,3593.985624,0,4821.9507188,-109.7171428,0,50.1808,9167.70000000001,82508.9
491,100016,7717.73464,0,4614.913268,-12.9544080000196,0,31.7065,8766.5,78898.1
492,100016,7721.535248,0,4614.7232376,945.471714400002,0,33.7698,8670.10000000001,78030.4
493,100008,11061.084816,0,4447.3457592,-204.164775200014,0,85.1342,8461.90000000001,76156.7
494,100008,11055.584376,0,4447.6207812,-1606.6802572,0,32.5751,8607.89999999999,77471
495,100016,7297.66743999999,0,4635.91662800001,-1595.003768,0,29.6197,8964.8,80683
496,100016,7298.267536,0,4635.8866232,-692.875559199994,0,44.8214,8873,79856.9
497,100011,9412.535265,0,4529.92323675,812.878998249987,0,33.1625,8522.2,76700.3
498,100011,9410.335023,0,4530.03324885,1308.59752815001,0,33.1342,8472.89999999999,76256
499,100019,6984.426789,0,4651.72866055001,-1279.54654954998,0,31.8911,8963.10000000001,80667.4
500,100019,6991.528138,0,4651.3735931,2424.6841689,0,18.7141,8593.2,77339.5
501,100014,8408.877078,0,4580.2561461,1322.04587590002,0,35.6209,8566.8,77100.4
502,100014,8398.075566,0,4580.7962217,680.3280123,0,20.5002,8633.40000000001,77700.9
503,100016,7165.946368,0,4642.5026816,565.200750399992,0,29.6502,8761.2,78851.5
504,100026,4852.061208,0,4758.6969396,-984.096747599993,0,21.4386,9137.79999999999,82240.1
505,100026,4857.562638,0,4758.4218681,-790.540706100001,0,40.6562,9116,82043.9
506,100014,8103.13428,0,4595.543286,-335.205266000004,0,31.4277,8761.90000000001,78857.2
507,100014,8112.535596,0,4595.0732202,-533.385816199996,0,47.877,8779.2,79012.7
508,100019,6487.132321,0,4676.59338395,-1161.64890494999,0,45.2232,8997.2,80974.5
509,100019,6470.929243,0,4677.40353785,-1176.60648085001,0,16.6737,9003,81027.6
510,100033,2916.262049,0,4855.83689755,926.732453449993,0,24.1686,9131,82179
511,100033,2912.560828,0,4856.0219586,-2589.1550866,0,26.3723,9482.7,85344.5
512,100019,6203.17838,0,4690.791081,-2286.25666099999,0,29.8872,9138.09999999999,82243.3
513,100019,6211.279919,0,4690.38600405001,2110.77537695,0,27.7587,8697.90000000001,78280.9
514,100026,4372.23648600001,0,4782.6881757,1227.95393829998,0,34.9214,8960.8,80647.4
515,100026,4376.337552,0,4782.48312240001,-1973.0760744,0,32.8554,9280.7,83526.7
516,100026,4081.160826,0,4797.24195870001,747.782415299997,0,42.0148,9035.7,81322.1
517,100026,4070.758122,0,4797.76209390001,-1625.7670159,0,37.3468,9274.59999999999,83471.3
518,100026,3961.829808,0,4803.2085096,177.811582399998,0,17.0501,9106.60000000001,81959.5
519,100033,2493.922723,25.4614,4875.68079385,1332.77898315,0,33.4561,9127.09999999999,82144.6
520,100033,2494.122789,0,4876.94386055,1535.19525044999,0,24.2381,9110.2,81992.3
521,100033,2354.676787,0,4883.91616065,-1376.67214765,0,31.1792,9414,84725.9
